pressureAz,con
-0.433893332,S
-0.44084334,S
-0.440085158,S
-0.440716977,S
-0.444255163,S
-0.461693365,S
-0.519694344,S
-0.524748895,S
-0.528413445,S
-0.5208948,S
-0.527718444,S
-0.530624812,S
-0.529740265,S
-0.571629861,S
-0.503519779,S
-0.502382505,S
-0.501813868,S
-0.503330233,S
-0.497707045,S
-0.500107957,S
-0.499349774,S
-0.52323253,S
-0.514639792,S
-0.516661613,S
-0.674300438,S
-0.414686036,S
-0.419424678,S
-0.416518311,S
-0.422710137,S
-0.418982405,S
-0.425169226,S
0.364473079,S
0.359608073,S
0.357333525,S
0.367316264,S
0.353289884,S
0.341790779,S
0.35581716,S
0.351015336,S
0.352658065,S
0.350383517,S
0.333577133,S
0.336357136,S
0.336799409,S
0.33281895,S
0.345392147,S
0.32580576,S
0.322773029,S
0.322899393,S
0.313864382,S
0.297500271,S
0.29743709,S
0.296236634,S
0.2911189,S
0.278356158,S
0.277218884,S
0.252577945,S
0.25643204,S
0.254347038,S
0.237667018,S
0.227178824,S
0.236277016,S
0.225472912,S
0.221302907,S
0.237540654,S
0.293709358,S
0.322899393,S
0.329533492,S
0.329596674,S
0.431445886,S
0.460825467,S
0.453040246,S
-1.171984216,S
-1.170594215,S
-1.15574647,S
-1.177670587,S
-1.174258764,S
-1.169709668,S
-1.173626946,S
-1.161938295,S
-1.172805581,S
-1.171921034,S
-1.173500582,S
-1.177481041,S
-1.180956045,S
-1.177923314,S
-1.165476481,S
-1.179313316,S
-1.175206493,S
-1.172300126,S
-1.164212843,S
-1.163517843,S
-1.034500415,S
-0.946551219,S
-0.913064815,S
-1.068934547,S
-1.046947248,S
-1.034184506,S
-1.079233196,S
-1.159347838,S
-1.20212198,S
-1.184557413,S
-1.180261044,S
-1.183356957,S
-1.148796461,S
-0.962828511,S
-0.014302375,S
-0.008236913,S
0.003262192,S
0.001682644,S
0.007432197,S
0.001114007,S
0.000103097,S
-0.004572363,S
0.000798098,S
-0.003245543,S
-0.00147645,S
0.003072646,S
-0.010321915,S
-0.00078145,S
-0.008679186,S
-0.01847238,S
-0.012091009,S
-0.020051927,S
-0.02213693,S
-0.020241473,S
-0.078811088,S
-0.071797898,S
-0.059793338,S
-0.05385424,S
-0.048294234,S
-0.050568782,S
-0.047093778,S
-0.052590602,S
-0.052590602,S
-0.040775588,S
-0.056950153,S
0.022722215,S
0.098856397,S
0.096013212,S
0.082495749,S
-0.731480052,S
-0.741336428,S
-0.728257776,S
-0.712841393,S
-0.724909135,S
-0.712462302,S
-0.715621397,S
-0.754920535,S
-0.762628726,S
-0.757510992,S
-0.741210064,S
-0.755046899,S
-0.74973962,S
-0.749992347,S
-0.734955056,S
-0.743674158,S
-0.741336428,S
-0.735460512,S
-0.738050969,S
-0.756373718,S
-0.758521903,S
-0.751635076,S
-0.751129621,S
-0.654714051,S
-0.630199476,S
-0.061625613,S
0.581629248,S
0.592243806,S
0.590727441,S
0.581629248,S
0.585799253,S
0.427275881,S
-0.424918178,S
2.688429499,S
0.879342332,S
0.951811964,S
0.952633329,S
0.952696511,S
0.953960149,S
0.954781513,S
0.958446063,S
0.946062412,S
0.950106053,S
0.953075602,S
0.951559237,S
0.946188776,S
0.944861956,S
0.930582848,S
0.915608739,S
0.925781024,S
0.93197285,S
0.941260588,S
0.940186496,S
0.943914228,S
0.956108333,S
0.946062412,S
0.951875146,S
0.950358781,S
0.940186496,S
0.961036521,S
0.965964709,S
0.951369691,S
0.93999695,S
0.946251958,S
0.944798774,S
0.944482865,S
0.950042871,S
0.958440319,S
0.762455828,S
0.767194471,S
0.767889471,S
0.7615081,S
0.765425378,S
0.769026745,S
0.763024466,S
0.754874001,S
0.736172161,S
0.726505331,S
0.726947604,S
0.720882142,S
0.720503051,S
0.755442638,S
0.810600432,S
0.788360405,S
0.781915852,S
0.781599942,S
0.771933113,S
0.791961773,S
0.765362196,S
0.718923504,S
0.727263514,S
0.707550763,S
0.709383038,S
0.715448499,S
0.727958514,S
0.730738518,S
0.713237133,S
0.71178395,S
0.707300287,S
-1.61046656,S
-1.561374228,S
-1.148480552,S
-1.152903284,S
-1.149491462,S
-1.162127841,S
-1.174195583,S
-1.206544712,S
-1.115436421,S
-1.154861923,S
-1.168951485,S
-1.180387408,S
-1.182346047,S
-1.182914684,S
-1.178681497,S
-1.17943968,S
-0.252308569,S
0.267172962,S
0.267362508,S
0.267172962,S
0.259212044,S
0.250619306,S
0.252767491,S
0.254031128,S
0.253967947,S
0.256052949,S
0.263002957,S
0.245880664,S
0.290297536,S
0.266162052,S
0.263824322,S
0.265024778,S
0.262181593,S
0.261233864,S
0.190664968,S
-1.171984216,S
-1.170594215,S
-1.15574647,S
-1.177670587,S
-1.174258764,S
-1.169709668,S
-1.173626946,S
-1.161938295,S
-1.172805581,S
-1.171921034,S
-1.173500582,S
-1.177481041,S
-1.180956045,S
-1.177923314,S
-1.165476481,S
-1.179313316,S
-1.175206493,S
-1.172300126,S
-1.164212843,S
-1.163517843,S
-1.034500415,S
-0.946551219,S
-0.913064815,S
-1.068934547,S
-1.046947248,S
-1.034184506,S
-1.079233196,S
-1.159347838,S
-1.20212198,S
-1.184557413,S
-1.180261044,S
-1.183356957,S
-1.148796461,S
-0.962828511,S
0.17233694,S
-0.044061047,S
-0.516156158,S
-1.163201933,S
-1.193402878,S
-1.192834241,S
-0.014618284,S
0.724293965,S
0.716901683,S
1.234930031,S
1.313086034,S
-0.157093455,S
-0.764397819,S
-0.591911249,S
-0.446971984,S
-0.47818384,S
-0.471739286,S
-0.467632463,S
-0.470412467,S
-0.417592403,S
-0.11021249,S
-0.093974743,S
-0.101114297,S
-0.094606562,S
-0.005307339,S
1.549007225,S
1.27094371,S
1.136682186,S
1.126509901,S
0.838021374,S
0.450842728,S
0.445535449,S
0.435299982,S
0.262055229,S
0.158436923,S
0.120843696,S
0.142830995,S
0.143715542,S
0.139608719,S
0.15932147,S
0.168419662,S
0.171262848,S
0.174485124,S
0.172526485,S
0.170820574,S
0.175622398,S
0.153571917,S
0.154203736,S
0.152813734,S
0.143841906,S
0.156983739,S
0.155025101,S
0.142957359,S
0.151107823,S
0.276397519,S
0.968807894,S
0.961984249,S
0.967544256,S
0.965143344,S
0.963942888,S
0.965459254,S
0.961431061,S
1.010823853,S
1.021312048,S
0.392904931,S
0.360429438,S
0.358913072,S
0.376351275,S
-0.412095579,S
-0.416771039,S
0.423864059,S
0.442692264,S
0.443639992,S
0.442186808,S
0.448947271,S
0.440796807,S
0.23741429,S
0.615810653,S
0.616632017,S
0.614926106,S
0.617958837,S
0.616947927,S
0.617327018,S
0.616695199,S
0.6173902,S
0.615305198,S
0.613788832,S
0.621560205,S
0.598182904,S
0.615305198,S
0.645379779,S
0.635207494,S
0.627372939,S
0.613915196,S
0.612462012,S
-0.0405168,S
0.837452737,S
0.832840458,S
0.835746825,S
1.02807251,S
1.254137327,S
1.249967322,S
1.254326872,S
1.0650971,S
0.936521946,S
0.993764742,S
0.992943377,S
0.991490194,S
0.987446553,S
0.988331099,S
0.981697,S
0.987509734,S
0.972093352,S
0.972472444,S
0.972219716,S
0.972535626,S
0.970197896,S
0.972661989,S
0.984161094,S
0.977842905,S
0.977779723,S
0.977653359,S
0.984161094,S
1.578829079,S
1.56985725,S
1.569099068,S
1.569414977,S
1.570868161,S
1.570552251,S
0.886432158,S
0.362893532,S
0.489762775,S
0.488120045,S
0.489383683,S
0.501514607,S
0.507200977,S
0.488815046,S
0.418430416,S
0.66976799,S
0.709319856,S
0.718291685,S
0.730106699,S
0.734529431,S
0.753041726,S
0.749250813,S
0.744322625,S
0.769153109,S
0.774460388,S
0.772880841,S
0.79120359,S
-0.11722568,S
0.64708569,S
0.889135526,S
0.899876448,S
0.911881008,S
0.905183727,S
0.905373272,S
0.920221018,S
0.936711492,S
0.926349661,S
0.929066483,S
0.940881497,S
1.010887035,S
1.098674976,S
0.56166377,S
0.594265627,S
0.622571115,S
0.613409741,S
0.600078361,S
0.614357469,S
0.611956557,S
0.532157825,S
0.746849901,S
0.784316764,S
0.776545391,S
0.777745847,S
0.753989455,S
0.770100838,S
0.762266283,S
0.49829233,S
0.870180958,S
0.843770926,S
0.840169558,S
0.834546369,S
0.488246409,S
0.97101926,S
1.018152953,S
1.021943867,S
1.023333868,S
1.005516574,S
0.690807561,S
1.01505704,S
1.021880685,S
1.0197325,S
1.00235748,S
0.988962918,S
0.276144791,S
0.004427246,S
-0.421193771,S
-0.422015136,S
-0.425300594,S
-0.414938764,S
-0.408620574,S
-0.423215592,S
-0.428712417,S
-0.429091508,S
-0.428838781,S
-0.425616504,S
-0.430291964,S
-0.428396507,S
-0.431366056,S
-0.41948786,S
-0.427385597,S
-0.429723327,S
-0.44084334,S
-0.431934693,S
-0.431050147,S
-0.433071967,S
-0.431745148,S
-0.430228782,S
-0.431745148,S
-0.439579702,S
-0.43048151,S
-0.430039237,S
-0.430544692,S
-0.42915469,S
-0.429533781,S
-0.412601034,S
-0.899670254,S
-1.320060952,S
0.072825457,S
0.163175565,S
0.160521926,S
0.163112383,S
0.15666783,S
0.148643729,S
-0.029213302,S
-0.104652483,S
-0.034394217,S
-0.041470589,S
-0.084244731,S
-0.049241962,S
0.181624678,S
0.166271478,S
0.167219206,S
0.12798325,S
-0.00646782,S
-0.085697915,S
0.162164655,S
0.178655129,S
0.168861936,S
0.169114663,S
0.146179636,S
0.332566223,S
0.467965021,S
0.454696823,S
0.44123908,S
0.445598631,S
0.446546359,S
0.440986352,S
0.437827258,S
0.491026412,S
0.49361687,S
0.497091874,S
0.477631851,S
0.487551408,S
0.285179802,S
0.088157596,S
-0.514323883,S
-0.500297502,S
-0.497959772,S
-0.436294244,S
-0.447351075,S
-0.465989734,S
-0.445897892,S
-0.44918335,S
-0.450699716,S
-0.46352564,S
-0.526770716,S
-0.476667474,S
-0.472687015,S
-0.484691575,S
-0.488166579,S
-0.48886158,S
-0.481974753,S
-0.488166579,S
-0.498654773,S
-0.447982894,S
-0.374691897,S
-0.371027348,S
-0.366730979,S
-0.369637346,S
-0.364709158,S
-0.506047055,S
-0.442928343,S
-0.42814378,S
-0.442296524,S
-0.446340165,S
-0.450762898,S
-0.444950163,S
-0.471739286,S
-0.523295712,S
-0.446971984,S
-0.435220152,S
-0.429344236,S
-0.414938764,S
-0.387644186,S
-0.217937619,S
-0.239166735,S
-0.211429884,S
-0.52483481,S
1.634429146,S
1.637272331,S
1.643337793,S
1.645991432,S
1.654457806,S
1.654015533,S
1.636830058,S
1.640368244,S
1.648518708,S
1.647507798,S
1.664314182,S
1.648013253,S
1.409312058,S
1.391115673,S
1.37967975,S
1.372540196,S
1.371718831,S
1.377531565,S
1.380058841,S
1.371718831,S
1.37500429,S
1.378858385,S
1.378100202,S
1.396233406,S
1.394274767,S
1.476158502,S
1.339938339,S
1.342591978,S
1.339496065,S
1.336526516,S
1.141547192,S
1.109071698,S
1.107681697,S
1.104206692,S
1.104396238,S
1.089485311,S
1.117348526,S
1.106228513,S
1.101173962,S
1.103764419,S
1.105154421,S
1.104017147,S
1.107302605,S
1.10711306,S
1.106733968,S
1.108250334,S
1.107302605,S
1.104522602,S
1.102943055,S
1.104838511,S
1.114189432,S
1.102816691,S
1.102184872,S
1.100984416,S
1.100858052,S
1.100921234,S
1.099531232,S
1.104143511,S
1.057299388,S
0.575311059,S
0.953770603,S
1.141547192,S
1.160375396,S
1.168904952,S
1.169094497,S
1.166883131,S
1.172569502,S
1.151214022,S
1.151466749,S
1.191144978,S
1.218250011,S
1.217175919,S
1.231202299,S
1.234740485,S
1.236383214,S
1.230949572,S
1.230001843,S
1.230444116,S
1.232971392,S
1.226716385,S
1.239542309,S
1.234866849,S
1.241437766,S
1.248893229,S
1.249967322,S
1.253063234,S
1.248324592,S
1.242322312,S
1.245418225,S
1.249082775,S
1.250156867,S
1.248893229,S
1.245418225,S
1.251357323,S
1.25192596,S
1.265127427,S
-0.070407897,S
-0.05985652,S
-0.057455608,S
-0.050631964,S
-0.05884561,S
-0.058087427,S
-0.057139699,S
-0.045766958,S
-0.057139699,S
-0.062699706,S
-0.062257432,S
-0.049368326,S
-0.040712406,S
-0.052464239,S
-0.049810599,S
-0.06149925,S
-0.041344225,S
-0.038058767,S
-0.030097848,S
-0.030919213,S
-0.027760118,S
-0.028644665,S
-0.028012846,S
-0.03016103,S
-0.015250103,S
-0.014555102,S
-0.024601024,S
-0.027570573,S
-0.015881922,S
-0.023590113,S
-0.024348296,S
-0.024348296,S
-0.034899672,S
-0.023969205,S
-0.029592393,S
-0.056341735,S
0.033210409,S
0.061326352,S
0.05759862,S
0.064359083,S
0.066317722,S
0.040792237,S
0.079017282,S
0.152750553,S
0.227494733,S
0.249987487,S
0.241900205,S
0.254347038,S
0.256621586,S
0.25807477,S
0.176317399,S
0.240320658,S
0.244174753,S
0.238677928,S
0.251503853,S
0.250177033,S
0.212267897,S
0.214921536,S
0.219281087,S
0.224019729,S
0.207592436,S
0.215426991,S
0.18737423,S
0.196914696,S
0.195903786,S
0.198115152,S
0.188321959,S
-0.082475638,S
-0.144899349,S
0.374736703,S
-0.433893332,S
-0.44084334,S
-0.440085158,S
-0.440716977,S
-0.444255163,S
-0.461693365,S
-0.519694344,S
-0.524748895,S
-0.528413445,S
-0.5208948,S
-0.527718444,S
-0.530624812,S
-0.529740265,S
-0.571629861,S
-0.503519779,S
-0.502382505,S
-0.501813868,S
-0.503330233,S
-0.497707045,S
-0.500107957,S
-0.499349774,S
-0.52323253,S
-0.514639792,S
-0.516661613,S
-0.674300438,S
-0.414686036,S
-0.419424678,S
-0.416518311,S
-0.422710137,S
-0.418982405,S
-0.425169226,S
-1.3629199,S
-1.319766666,S
-1.331139407,S
-1.349209429,S
-1.342322602,S
-1.340490327,S
-1.338973962,S
-1.339037144,S
-1.340490327,S
-1.350030793,S
-1.339100326,S
-1.336762596,S
-1.348324882,S
-1.329496678,S
-1.341690783,S
-1.343207149,S
-1.347440336,S
-1.3482617,S
-1.344533968,S
-1.344281241,S
-1.34592397,S
-1.346808517,S
-1.354643071,S
-1.327980312,S
-1.346303061,S
-1.349209429,S
-1.337963051,S
-1.358560349,S
-1.361403534,S
-1.375303551,S
-1.394131755,S
-1.394889938,S
-1.385602199,S
-1.395837666,S
-1.375429915,S
-1.393310391,S
-1.395142665,S
-1.395648121,S
-1.394700392,S
-1.403482675,S
-1.400765854,S
-1.39627994,S
-1.405567678,S
-1.442592268,S
-1.814696549,S
1.775703861,S
1.785560236,S
1.771281128,S
1.792573426,S
1.79036206,S
1.797501614,S
1.882607625,S
1.912366297,S
1.904531742,S
1.896760369,S
1.893285365,S
1.876352618,S
1.88311308,S
1.884503082,S
1.886714448,S
1.881849442,S
1.877679437,S
1.872245794,S
1.868707608,S
1.868454881,S
1.87142443,S
1.869023518,S
1.851964406,S
1.844572125,S
1.848868494,S
1.843877124,S
1.908006746,S
1.919046951,S
-0.108001123,S
-0.122153868,S
-0.121585231,S
-0.019862381,S
-0.034015126,S
-0.041596953,S
0.057851348,S
-0.080706545,S
-0.119500228,S
0.038517688,S
0.491784595,S
0.99869293,S
1.015878405,S
0.943851046,S
0.962616068,S
0.977906087,S
0.920726473,S
0.833851369,S
0.798027235,S
0.672168902,S
0.808073156,S
0.735034887,S
0.664839802,S
0.672232084,S
0.362703986,S
0.357712616,S
0.340716687,S
0.315570293,S
0.2911189,S
0.283979346,S
0.508148706,S
0.31045256,S
0.315001656,S
0.328964855,S
0.346276694,S
0.327638035,S
0.543404202,S
0.5566724,S
0.528556457,S
0.350320335,S
0.436879529,S
0.472387754,S
0.557241037,S
0.575437423,S
0.097782305,S
-0.378482811,S
-0.361170972,S
-0.347207774,S
-0.325915475,S
0.201906066,S
-0.278213146,S
-0.257539684,S
-0.661790423,S
-0.671078162,S
-0.666844975,S
-0.670446343,S
-0.672973618,S
-0.670635888,S
-0.677522715,S
-0.680618628,S
-0.676195895,S
-0.667666339,S
-0.716948217,S
-0.718590946,S
-0.721813222,S
-0.725604136,S
-0.726488683,S
-0.734512783,S
-0.731100961,S
-0.719601856,S
-0.728763231,S
-0.729521413,S
-0.726897537,S
-0.207891698,S
-0.202458055,S
-0.201447144,S
-0.202394873,S
-0.221223077,S
-0.193928499,S
-0.192664861,S
-0.181165757,S
-0.188684402,S
-0.183061213,S
-0.16827665,S
-0.158167547,S
-0.155008452,S
-0.150396174,S
-0.152038903,S
-0.153239359,S
-0.147300261,S
-0.129419785,S
-0.167644831,S
-0.168908469,S
-0.161137096,S
-0.153365723,S
-0.127271601,S
-0.133337063,S
-0.115267041,S
-0.158357093,S
-0.17061438,S
-0.131631152,S
-0.12057432,S
-0.154945271,S
-0.151849358,S
-0.124744325,S
-0.11457204,S
-0.124491598,S
-0.124681143,S
-0.122027504,S
-0.09485929,S
-0.109201579,S
-0.158357093,S
-0.167897559,S
-0.500839565,S
0.44022817,S
0.438838168,S
0.439280441,S
0.436184529,S
0.445472267,S
0.44123908,S
0.412112227,S
0.417798597,S
0.457034554,S
0.388798108,S
0.3438126,S
0.346403057,S
0.347729877,S
0.347666695,S
0.347034876,S
0.346718967,S
0.355122159,S
0.370728086,S
0.475546848,S
-0.892593882,S
-1.309088926,S
-1.313195749,S
-1.307572561,S
-1.307698924,S
-1.301633463,S
-1.314269841,S
-1.312500748,S
-1.302075736,S
-1.29386209,S
-1.295694364,S
-1.294936182,S
-1.29354618,S
-1.296389365,S
-1.297779367,S
-1.296578911,S
-1.283247531,S
-1.2795198,S
-1.280025255,S
-1.282426167,S
-1.26884206,S
-1.277245251,S
-1.26719933,S
-1.266630693,S
-1.2648616,S
-1.265430237,S
-1.267894331,S
-1.26719933,S
-1.266946603,S
-1.260375686,S
-1.263345235,S
-1.256268863,S
-1.252793859,S
-1.256142499,S
-1.257406137,S
-1.255384316,S
-1.25816432,S
-1.258480229,S
-1.260691595,S
-1.257785228,S
-1.257342955,S
-1.261070687,S
-1.259408264,S
0.424811788,S
0.43624771,S
0.426707244,S
0.516615079,S
0.504863247,S
0.487867318,S
0.486793226,S
0.490394593,S
0.482812766,S
0.477379123,S
0.480790946,S
0.508464615,S
0.492353232,S
0.475104575,S
0.461646832,S
0.594834264,S
0.550227847,S
0.525018271,S
0.532410553,S
0.54631057,S
0.518384172,S
0.506063703,S
0.507769614,S
0.510675981,S
0.516235988,S
0.524386452,S
0.594076081,S
0.543593748,S
0.510044162,S
0.49961915,S
0.502209608,S
0.492921869,S
0.267109781,S
0.254584692,S
-0.379809631,S
-0.382589634,S
-0.380946905,S
-0.379999177,S
-0.383474181,S
-0.390929644,S
-0.379683267,S
-0.378356447,S
-0.38277918,S
-0.385622365,S
-0.36609916,S
-0.370585074,S
-0.375576444,S
-0.37443917,S
-0.375007807,S
-0.368563254,S
-0.373870533,S
-0.383031907,S
-0.383916454,S
-0.378735539,S
-0.371659167,S
-0.374312806,S
-0.379620085,S
-0.376145081,S
-0.374628716,S
-0.380188722,S
-0.702163653,S
-1.495921785,S
-0.108001123,S
-0.122153868,S
-0.121585231,S
-0.019862381,S
-0.034015126,S
-0.041596953,S
0.057851348,S
-0.080706545,S
-0.119500228,S
0.038517688,S
0.491784595,S
0.99869293,S
1.015878405,S
0.943851046,S
0.962616068,S
0.977906087,S
0.920726473,S
0.833851369,S
0.798027235,S
0.672168902,S
0.808073156,S
0.735034887,S
0.664839802,S
0.672232084,S
0.362703986,S
0.357712616,S
0.340716687,S
0.315570293,S
0.2911189,S
0.283979346,S
0.508148706,S
0.31045256,S
0.315001656,S
0.328964855,S
0.346276694,S
0.327638035,S
0.543404202,S
0.5566724,S
0.528556457,S
0.350320335,S
0.436879529,S
0.472387754,S
0.557241037,S
0.575437423,S
0.097782305,S
-0.378482811,S
-0.361170972,S
-0.347207774,S
-0.325915475,S
0.201906066,S
-0.278213146,S
-0.257539684,S
0.090705933,S
0.094686392,S
0.080786375,S
0.092727753,S
0.091969571,S
0.092348662,S
0.113261869,S
-0.435851971,S
-1.60079973,S
-1.44366636,S
-1.450047731,S
-1.450805914,S
-1.441391812,S
-1.442465904,S
0.883512337,S
1.538961304,S
1.533906753,S
1.554061777,S
1.554693596,S
-0.437810609,S
-1.441202266,S
-0.095238381,S
-0.910979813,S
-0.989388543,S
-0.99261082,S
-0.988188087,S
-0.976183527,S
-0.972898069,S
-1.157136471,S
-0.850641104,S
-1.084414111,S
-1.415739963,S
-1.381558558,S
-1.387560838,S
-1.374039913,S
-1.371196728,S
-1.376188097,S
-1.37795719,S
-1.383833106,S
-1.385854927,S
-0.880020685,S
-0.466305644,S
-0.450762898,S
-0.45183699,S
-0.438947884,S
-0.434398787,S
-0.434209242,S
-0.425363776,S
-0.457776088,S
-0.458597453,S
-0.48753476,S
-0.511164788,S
-0.493979313,S
-0.499097047,S
-0.498338864,S
-0.493284312,S
-0.500802958,S
-0.485007484,S
-0.744621886,S
-0.540063044,S
0.999135203,S
0.950927418,S
0.986751552,S
0.998313838,S
0.993512014,S
0.967481074,S
0.921863747,S
0.892926439,S
0.937216947,S
0.937596038,S
0.934436944,S
0.929887847,S
0.993512014,S
1.088916674,S
1.091759859,S
1.090812131,S
1.083483031,S
1.083925305,S
1.080260755,S
1.064970736,S
1.05473527,S
0.836315462,S
0.802955422,S
0.796700415,S
0.760244462,S
0.775913572,S
0.786401766,S
0.78286358,S
0.785896311,S
0.788739496,S
0.792214501,S
0.791077226,S
0.792024955,S
0.792151319,S
0.79253041,S
0.788992224,S
0.790445407,S
0.890588709,S
0.068844998,S
0.010970383,S
0.010780837,S
0.00086128,S
-0.001602814,S
-0.004319636,S
-0.00381418,S
-0.005962365,S
-0.006594184,S
-0.007226003,S
-0.008552822,S
0.002693555,S
0.326437579,S
0.326690306,S
0.529251458,S
0.658963886,S
0.677855273,S
0.697065984,S
0.571836055,S
0.576637879,S
0.575311059,S
0.584535615,S
0.577206516,S
0.586620618,S
0.564633319,S
0.583966978,S
0.582197885,S
0.580239247,S
0.579860155,S
0.579860155,S
0.577332879,S
0.564949228,S
0.581818794,S
0.591927897,S
0.574426512,S
0.584914707,S
0.589147894,S
0.583587887,S
0.56532832,S
0.571077872,S
0.577459243,S
0.578849245,S
0.583145614,S
0.584914707,S
0.58535698,S
0.58870562,S
0.586620618,S
0.592117443,S
0.59938336,S
0.608734281,S
0.619538385,S
0.61606338,S
0.616189744,S
0.626425211,S
0.643165214,S
0.049637702,S
0.056271801,S
0.09095866,S
0.103531857,S
0.132090073,S
0.104985041,S
0.078448645,S
0.096202758,S
0.097719123,S
0.109091864,S
0.115220508,S
0.111935049,S
0.099740944,S
0.134175076,S
0.144410543,S
0.105995951,S
0.09260139,S
0.074973641,S
0.075858188,S
0.096329121,S
0.093801846,S
0.106375042,S
0.112945959,S
0.19501924,S
0.164691931,S
0.107070043,S
0.078132736,S
0.145926908,S
0.11863233,S
0.149212367,S
0.127730523,S
0.115157326,S
0.011918111,S
-0.004888273,S
0.031441316,S
0.163491475,S
0.189964688,S
0.177138764,S
0.151360551,S
0.159258288,S
0.161216926,S
0.108712773,S
0.09462321,S
0.077058644,S
0.070298181,S
0.129499616,S
0.351982505,S
0.998945657,S
1.066234374,S
1.090496221,S
1.107555333,S
1.180088147,S
1.298996471,S
1.33330424,S
1.356871086,S
1.306894208,S
1.32698605,S
1.345119254,S
1.354786084,S
1.382775663,S
1.15317266,S
0.856849578,S
0.876878238,S
0.883701883,S
0.899118265,S
0.911881008,S
0.895011442,S
0.936206037,S
0.914913738,S
0.926855116,S
1.114631705,S
1.214080006,S
1.226147748,S
1.21256364,S
1.213132278,S
1.208899091,S
1.206245451,S
1.203781357,S
1.208583181,S
1.410512514,S
1.151584473,S
0.621117932,S
0.606207005,S
0.017162208,S
-0.003940544,S
0.404024945,S
0.192618328,S
0.05690362,S
0.048058154,S
0.350130789,S
0.665471621,S
0.62004384,S
0.715448499,S
0.71412168,S
0.716901683,S
0.394674024,S
-0.971192158,S
-0.951100315,S
-0.966074424,S
-0.850704286,S
0.65106615,S
0.684678917,S
0.689228013,S
0.596161084,S
0.629142032,S
0.627878395,S
0.535822375,S
0.533611009,S
0.543277839,S
0.981760182,S
1.130237633,S
1.152730387,S
1.039318887,S
0.85659685,S
0.871760505,S
0.154772373,S
0.386151853,S
-1.402345401,S
-1.402282219,S
-1.402534947,S
-1.401271309,S
-1.400513126,S
-1.391162206,S
-1.391604479,S
-1.388319021,S
-1.385728563,S
-1.384591289,S
-1.387118565,S
-1.389266749,S
-1.387181747,S
-1.389140386,S
-1.387308111,S
-1.389203567,S
-1.387750384,S
-1.386739474,S
-1.386802655,S
-1.383138106,S
-1.386549928,S
-1.383327651,S
-1.383327651,S
-1.37460855,S
-1.371702183,S
-1.359760805,S
-1.363235809,S
-1.349272611,S
-1.361340352,S
-1.337078505,S
-1.265240692,S
-0.883748416,S
-1.33953261,S
1.694325581,S
1.692556488,S
1.700201497,S
1.69893786,S
1.684026933,S
1.700264679,S
1.69628422,S
1.698748314,S
1.697674222,S
1.699001041,S
1.687817846,S
1.533274934,S
1.557726327,S
1.573142709,S
1.589127728,S
1.59020182,S
1.583946813,S
1.597720466,S
1.58919091,S
1.596330464,S
1.605365475,S
1.591402276,S
1.60921957,S
1.536307665,S
1.552355866,S
1.526009016,S
1.568909522,S
1.589127728,S
1.580282263,S
1.606629113,S
1.544331765,S
1.546606313,S
1.560316784,S
1.567393156,S
1.572131799,S
1.561327695,S
1.612694574,S
1.615600941,S
1.617054125,S
1.51514173,S
1.453281966,S
0.659027068,S
0.669072989,S
0.668504352,S
0.698263024,S
0.688848922,S
0.68076164,S
0.683668007,S
0.72012396,S
0.850973662,S
0.856849578,S
0.894758714,S
0.877762785,S
0.888440525,S
0.896148716,S
0.894063713,S
0.891915529,S
0.894569169,S
0.89494826,S
0.892231439,S
0.898233718,S
0.885723703,S
0.89362144,S
0.907142365,S
0.876878238,S
0.862283221,S
0.90297236,S
0.897980991,S
0.868032773,S
0.890967801,S
0.906384183,S
0.897159626,S
0.873655962,S
0.862283221,S
0.852363663,S
0.862220039,S
0.811990433,S
0.73726909,S
0.431003613,S
0.445724994,S
0.45090591,S
0.464869108,S
0.467206838,S
0.495196417,S
0.479021853,S
0.499492786,S
0.389809018,S
0.363904442,S
0.357017615,S
0.385259922,S
0.381153099,S
0.378246732,S
0.380837189,S
0.365863081,S
0.37951037,S
0.330291674,S
0.234128832,S
0.799922692,S
1.094476681,S
1.127331266,S
1.076596205,S
1.043615256,S
1.063454371,S
1.064465281,S
1.06307528,S
1.059979367,S
1.044120711,S
1.07375302,S
1.008675669,S
1.027440691,S
1.044183893,S
1.020932956,S
1.001409751,S
1.057578455,S
1.068508922,S
1.048101171,S
1.064907554,S
1.069203923,S
1.069393469,S
1.072868473,S
1.054292996,S
1.05941073,S
1.050249355,S
1.051892084,S
1.046458441,S
1.037865704,S
1.051765721,S
1.055493452,S
1.053977087,S
1.103195782,S
1.182236331,S
1.378226566,S
1.498840802,S
2.121814275,S
2.122762004,S
2.117328361,S
2.117138815,S
2.122256548,S
2.095404244,S
2.097426064,S
2.089654691,S
1.997725036,S
1.927202007,S
1.226084566,S
1.226590021,S
1.229433206,S
1.247503228,S
1.231960482,S
1.227600931,S
1.233413665,S
1.239605491,S
1.228422296,S
1.234740485,S
1.230696844,S
1.238278671,S
1.228738205,S
1.223746836,S
1.232529119,S
1.235688214,S
1.234930031,S
1.239795037,S
1.234677303,S
1.257106876,S
1.230507298,S
1.221914561,S
1.226021384,S
1.233540029,S
1.248261411,S
1.253063234,S
1.244533679,S
1.240174128,S
1.230065025,S
1.238215489,S
1.245860499,S
1.228359114,S
1.233603211,S
1.235625032,S
1.22254638,S
1.222672743,S
1.219829558,S
1.225073655,S
1.228169568,S
1.224315473,S
1.229622752,S
1.214332733,S
1.213511369,S
1.213827278,S
1.230380935,S
1.218187677,S
0.800554511,S
1.095993046,S
1.098899413,S
1.093086679,S
1.086642126,S
1.096814411,S
1.092897133,S
1.124677626,S
1.120318075,S
1.363694731,S
1.546037676,S
1.542941764,S
1.558421328,S
1.556336325,S
1.545405857,S
1.556525871,S
1.555704506,S
1.55583087,S
1.555072687,S
1.551408137,S
1.555578142,S
1.548691316,S
1.548059497,S
1.545911313,S
1.539719487,S
1.545658585,S
1.315503493,S
0.306345737,S
0.323215302,S
0.345960784,S
0.366305354,S
0.390124928,S
0.385259922,S
0.357902162,S
0.368200811,S
0.424369514,S
0.391957203,S
0.342359416,S
0.34716124,S
0.370791268,S
0.330291674,S
0.328838491,S
0.302365277,S
0.321825301,S
0.302049368,S
0.297879363,S
0.306598464,S
-0.012912373,S
-0.586603149,S
-0.62432356,S
-0.615604459,S
-0.676132713,S
-0.678849535,S
-0.69104364,S
-0.599556258,S
-0.592416704,S
-0.59229034,S
-0.603031262,S
-0.594312161,S
-0.575673502,S
-0.675437712,S
-0.645931768,S
-0.681250447,S
-0.690222275,S
-0.702416381,S
-0.697172284,S
-0.698688649,S
-0.701089561,S
-0.696287737,S
-0.702669109,S
-0.656739473,S
-1.906094641,R
-1.902556455,R
-1.856812764,R
-1.703343944,R
-1.707008494,R
-1.706187129,R
-1.70688213,R
-1.708840769,R
-1.710357134,R
-1.687801198,R
-1.703975763,R
-1.703343944,R
-1.704797127,R
-1.685400286,R
-1.69121302,R
-1.697847119,R
-1.69854212,R
-1.703091216,R
-1.699300303,R
-1.70087985,R
-1.699805758,R
-1.700753486,R
-1.699300303,R
-1.687738016,R
-1.698668484,R
-1.694182569,R
-1.697657573,R
-1.698668484,R
-1.700121667,R
-1.366521268,R
-0.245421743,R
-0.249465384,R
-0.247127654,R
-0.243526286,R
-0.234301729,R
-0.242641739,R
-0.250413112,R
-0.242136284,R
-0.249844475,R
-0.249781293,R
-0.251424023,R
-0.247190836,R
-0.247190836,R
-0.248264928,R
-0.2480122,R
-0.240619919,R
-0.249086292,R
-0.25502539,R
-0.25034993,R
-0.256169778,R
0.39953903,R
0.396948572,R
0.390124928,R
0.215553355,R
-1.317365754,R
-1.334614411,R
-1.304413466,R
-1.093006849,R
-1.062110903,R
-1.075315919,R
-1.080244106,R
-1.067102272,R
-1.086499114,R
-1.081634108,R
-1.137550084,R
-1.077274557,R
-1.129652347,R
-1.074115463,R
-1.047642249,R
-1.084161384,R
-1.081128653,R
-1.077274557,R
-1.119669608,R
-1.099577766,R
-1.095534125,R
-1.044546336,R
-1.068555456,R
-1.065901816,R
-1.04265088,R
-1.054402712,R
-1.069376821,R
-1.110634597,R
-1.104442772,R
-1.100904586,R
-1.111076871,R
-1.087194115,R
-1.080875925,R
-1.107601866,R
-0.995517187,R
-0.948762585,R
-0.936947571,R
-0.95293259,R
-0.929808017,R
-0.934167568,R
-0.940359393,R
-0.923616191,R
-0.933346203,R
-0.936505298,R
-0.942444396,R
-0.931394432,R
-1.103747771,R
-1.158526473,R
-0.971255339,R
-0.970181247,R
-0.962915329,R
-0.962157147,R
-0.967464426,R
-0.966706243,R
-0.970370793,R
-0.96525306,R
-0.955017593,R
-0.952553499,R
-0.949647132,R
-0.949078495,R
-0.950973952,R
-0.957544868,R
-0.948383494,R
-0.962788966,R
-0.959187598,R
-0.969170337,R
-0.965126696,R
-0.966327152,R
-0.972203068,R
-0.9612726,R
-0.952553499,R
-0.959124416,R
-0.952300771,R
-0.958050324,R
-0.96493715,R
-0.967780335,R
-0.969738974,R
-0.964558059,R
-0.96626397,R
-0.964052604,R
-0.953122136,R
-0.957355323,R
-0.96727488,R
-0.965189878,R
-0.966895789,R
-0.964621241,R
-0.959503507,R
-0.959629871,R
-0.961335782,R
-0.957671232,R
-0.961462146,R
-0.954133046,R
-0.957228959,R
-0.960703963,R
-0.956723504,R
-0.959377143,R
-0.959865647,R
-0.27536996,R
-0.462957003,R
-0.466811099,R
-0.512997063,R
-0.531193449,R
-0.546167557,R
-0.54926347,R
-0.556655752,R
-0.565248489,R
-0.554318022,R
-0.574662592,R
-0.581738964,R
-0.588688972,R
-0.704501384,R
-0.441727887,R
0.535696011,R
0.548585118,R
0.539929198,R
0.542519656,R
0.542266928,R
0.543214657,R
0.543972839,R
0.544288749,R
0.547384662,R
0.543846476,R
0.543593748,R
0.546752843,R
0.559705131,R
0.552312849,R
0.553513305,R
0.55932604,R
0.567855595,R
0.561284678,R
0.570193325,R
0.594834264,R
0.572404692,R
0.5713306,R
0.567097413,R
0.570825144,R
0.572910147,R
0.573921057,R
0.432204069,R
-1.186958325,R
-1.163896934,R
-1.162254205,R
-1.151955556,R
-1.131231895,R
-1.129273256,R
-1.128704619,R
-1.12745452,R
0.197862425,R
0.248344758,R
0.271216604,R
0.271027058,R
-0.441096068,R
-1.454975919,R
-1.458261377,R
-1.462052291,R
-1.464705931,R
-1.463126383,R
-1.465780023,R
-1.46268411,R
-1.45567092,R
-0.906999353,R
0.974494264,R
0.994207015,R
0.981128363,R
0.995407471,R
0.997871565,R
0.997745201,R
1.002483843,R
1.002673389,R
1.004632028,R
1.007601577,R
0.998440202,R
1.01537295,R
1.022575686,R
1.025608416,R
1.03041024,R
0.716838501,R
-0.60164126,R
-0.115014314,R
-0.119500228,R
-0.117920681,R
-0.120953412,R
-0.126513418,R
-0.124617962,R
-0.124617962,R
-0.128345693,R
-0.122406595,R
-0.111349764,R
-0.100861569,R
-0.112992493,R
-0.116467497,R
-0.114508858,R
-0.114192949,R
-0.115014314,R
-0.109531093,R
-0.065163799,R
-0.060109248,R
-0.051263783,R
-0.181860757,R
-0.099408386,R
-0.080327454,R
-0.088793828,R
-0.083044275,R
-0.082349275,R
-0.092079286,R
-0.074451538,R
-0.071102897,R
-0.081022455,R
-0.083739276,R
-0.084244731,R
-0.086266552,R
-0.082917912,R
-0.084687005,R
-0.392003736,R
-0.412537852,R
-0.545346193,R
-0.402934204,R
-0.405587844,R
-0.398321926,R
-0.398195562,R
-0.399838291,R
-0.396236923,R
-0.38612782,R
-0.394278285,R
-0.517040704,R
-0.643404492,R
-0.397690107,R
-0.525254351,R
-0.62565038,R
-0.389286915,R
-0.354600055,R
-0.518936161,R
-0.603410353,R
-0.380504632,R
-0.333686848,R
-0.409757849,R
-0.232469454,R
-0.548758015,R
-0.547368013,R
-0.551474837,R
-0.538522548,R
-0.553054384,R
-0.557350753,R
-0.2019526,R
-0.165608844,R
-1.534964197,R
-1.855865036,R
-1.839500925,R
-1.836594558,R
-1.828570457,R
-1.869638688,R
-0.070407897,R
0.682214823,R
0.764035376,R
0.706666216,R
0.700348027,R
0.783369035,R
0.853627301,R
0.828923181,R
0.845034564,R
0.865884589,R
0.836315462,R
0.842823198,R
0.855333212,R
0.863041404,R
0.830376364,R
0.825069085,R
0.874856418,R
0.735287614,R
0.786907221,R
0.785011765,R
0.762013555,R
0.721956235,R
0.864810497,R
0.924011931,R
0.941576498,R
0.969313349,R
0.638935226,R
0.522743723,R
0.518889628,R
0.512255529,R
0.55901013,R
0.529883277,R
0.520090084,R
0.322393938,R
0.174548306,R
0.204622887,R
0.166145114,R
0.22003927,R
-0.3994592,R
0.734718977,R
0.717217592,R
0.834756976,R
-1.319324393,R
-1.318503028,R
-1.319261211,R
-1.319956212,R
-1.320335303,R
-1.298158458,R
-1.198267884,R
-1.200352887,R
-1.199847431,R
-1.205912893,R
-1.201679706,R
-1.22113973,R
-1.226636554,R
-1.218738818,R
-1.220255183,R
-1.22215064,R
-1.231754288,R
-1.22480428,R
-1.382569469,R
-0.958113506,R
-0.979153076,R
-0.977763075,R
-0.998549918,R
-0.97428807,R
-0.991031272,R
-1.013018571,R
-1.003730833,R
-1.003667651,R
-0.997096734,R
-1.008532657,R
-0.991979001,R
-0.98863036,R
-0.990904908,R
-0.982817626,R
-0.997033552,R
-0.997412644,R
-0.996780825,R
-0.99829719,R
-0.997223098,R
-0.999560828,R
-1.388571748,R
-1.498129152,R
-1.485492774,R
-1.497939607,R
-1.489473233,R
-1.474056851,R
-1.493832784,R
-1.495980968,R
-1.455038524,R
-1.103747771,R
-1.158526473,R
-0.971255339,R
-0.970181247,R
-0.962915329,R
-0.962157147,R
-0.967464426,R
-0.966706243,R
-0.970370793,R
-0.96525306,R
-0.955017593,R
-0.952553499,R
-0.949647132,R
-0.949078495,R
-0.950973952,R
-0.957544868,R
-0.948383494,R
-0.962788966,R
-0.959187598,R
-0.969170337,R
-0.965126696,R
-0.966327152,R
-0.972203068,R
-0.9612726,R
-0.952553499,R
-0.959124416,R
-0.952300771,R
-0.958050324,R
-0.96493715,R
-0.967780335,R
-0.969738974,R
-0.964558059,R
-0.96626397,R
-0.964052604,R
-0.953122136,R
-0.957355323,R
-0.96727488,R
-0.965189878,R
-0.966895789,R
-0.964621241,R
-0.959503507,R
-0.959629871,R
-0.961335782,R
-0.957671232,R
-0.961462146,R
-0.954133046,R
-0.957228959,R
-0.960703963,R
-0.956723504,R
-0.959377143,R
-0.959865647,R
-0.434777879,R
-0.428396507,R
0.212962897,R
0.313548473,R
0.323657576,R
0.324858032,R
0.345708056,R
0.403140398,R
0.40054994,R
-0.907125717,R
-1.738788986,R
-1.512660988,R
-1.521127362,R
-1.5150619,R
-1.499961427,R
-1.518663268,R
-1.521822363,R
-1.514430081,R
-1.511334168,R
-1.513608716,R
-1.514935536,R
-1.514998718,R
-1.508111892,R
-1.519295087,R
-1.512976898,R
-1.516009628,R
-1.501288247,R
-1.496296878,R
-0.084497459,R
-0.051011055,R
-0.053791058,R
-0.053475149,R
-0.055749697,R
-0.054486059,R
-0.064342435,R
-0.052653784,R
-0.050063327,R
-0.043113318,R
-0.048673325,R
-0.051769238,R
-0.055876061,R
-0.087467008,R
-1.266062056,R
-1.280846619,R
-1.282047075,R
-1.278572071,R
-1.279582982,R
-1.281225711,R
-1.3028971,R
-1.291147803,R
0.563748772,R
0.536896467,R
0.533295099,R
0.514593259,R
0.527356001,R
0.515604169,R
0.472324572,R
0.42121042,R
0.453433186,R
0.44389272,R
0.432772706,R
0.870307321,R
1.281431905,R
1.255021873,R
1.225642292,R
1.244786406,R
1.179014055,R
0.862788676,R
0.416282232,R
0.404404036,R
0.369022175,R
0.366115808,R
0.382606283,R
0.386776288,R
0.387281743,R
0.366558081,R
0.371296724,R
0.380015825,R
0.371549451,R
0.387913562,R
0.356259433,R
0.347287604,R
0.325742578,R
0.310263014,R
0.340337596,R
0.388039925,R
0.393726296,R
0.388039925,R
0.359923983,R
0.34583442,R
0.344254873,R
0.346718967,R
0.359228982,R
0.349056697,R
0.338631684,R
0.340969414,R
0.338758048,R
0.338189411,R
0.371802179,R
0.405383355,R
1.014804313,R
1.022765231,R
1.019163863,R
0.316644385,R
-0.46952792,R
-0.479321114,R
-0.483364755,R
-0.115077496,R
-0.073251082,R
-0.077673814,R
-0.099977023,R
-0.13491661,R
-0.130493878,R
-0.128977512,R
-0.113371584,R
-0.097828839,R
-0.099282022,R
-0.114129767,R
-0.126639782,R
-0.174784385,R
-0.176553478,R
-0.175921659,R
-0.177564389,R
-0.16492801,R
-0.161137096,R
-0.157851638,R
-0.154502997,R
-0.18495667,R
-0.219706712,R
-0.221475805,R
-0.225772174,R
-0.216863527,R
0.406489038,R
0.702180302,R
0.381469008,R
0.370791268,R
0.354679885,R
0.349183061,R
0.351773518,R
0.348361696,R
0.33281895,R
0.327385307,R
0.734213522,R
0.719997596,R
0.711215313,R
0.706982126,R
0.703507122,R
0.707993036,R
0.860767588,R
0.861967311,R
0.857418215,R
0.855459576,R
0.846614111,R
0.856217759,R
0.849520478,R
-1.30656165,R
-1.890994169,R
-1.898891905,R
-1.8947219,R
-1.891183714,R
-1.8566864,R
-1.890678259,R
-1.9400865,R
-1.941666047,R
-1.937938316,R
-1.946467871,R
-1.873176875,R
-1.895164174,R
-1.91405556,R
-1.885623708,R
-1.882527795,R
-1.833498645,R
-1.824021361,R
-1.805888158,R
-1.804940429,R
-1.799885878,R
-1.774044483,R
-1.769748114,R
-1.876778242,R
-1.988357467,R
-2.123882629,R
-2.132033094,R
-2.133549459,R
-2.044715716,R
-2.075358935,R
-2.072642113,R
-2.126157178,R
-2.043704806,R
-2.064933922,R
-2.030310245,R
-2.070557111,R
-2.087426677,R
-2.10423306,R
-2.088311223,R
-2.115163528,R
-2.053245272,R
-0.31972365,R
0.329343946,R
-1.107502402,R
0.877889149,R
0.869422775,R
-0.442738797,R
-0.823788799,R
-0.894426156,R
-1.258796138,R
-1.331960772,R
-1.325326673,R
-1.313069385,R
-0.428649235,R
0.372118088,R
0.383111738,R
0.393599932,R
0.415966322,R
0.408763587,R
0.413754956,R
0.414134048,R
-0.770842372,R
-1.126493253,R
-1.122639157,R
-1.124155523,R
-1.147975097,R
-1.144500092,R
-1.157326017,R
-1.168256485,R
-1.159284656,R
-1.159853293,R
-1.163960116,R
-1.146901004,R
-1.144310547,R
-1.135149172,R
-1.135149172,R
-1.137929175,R
-1.134580535,R
-1.123839613,R
-1.127756891,R
-1.123902795,R
-1.131674168,R
-1.12706189,R
-1.136791901,R
-1.123460522,R
-1.509628257,R
-1.501351429,R
-1.491621417,R
-1.498634608,R
-1.497118242,R
-1.511586896,R
-1.468054571,R
-1.474449677,R
0.168166935,R
0.146179636,R
0.15331919,R
0.143715542,R
0.137207807,R
0.131837346,R
0.142957359,R
0.150412823,R
0.154393282,R
0.145421453,R
0.156920558,R
0.129689161,R
0.112187777,R
0.133290529,R
0.149212367,R
0.145926908,R
0.145800544,R
0.14365236,R
0.144726452,R
0.141946449,R
0.145295089,R
0.144031451,R
0.136196896,R
0.114588689,R
0.104732313,R
0.110418684,R
0.119200967,R
0.116989601,R
0.142009631,R
0.115157326,R
0.124508246,R
0.124697792,R
0.127351431,R
0.117937329,R
0.111682322,R
0.13297462,R
0.134364621,R
0.132026891,R
0.133606439,R
0.13765008,R
0.125771884,R
0.13531235,R
0.125076883,R
0.133416893,R
0.136386442,R
0.134238258,R
0.13663917,R
0.015077206,R
-0.18054701,R
-0.794977856,R
-0.808056508,R
-0.798768769,R
-0.79611513,R
-0.782720568,R
-0.78177284,R
-0.779687837,R
-0.79213467,R
-0.973150796,R
-0.96727488,R
-0.967148516,R
-0.969738974,R
-0.966390334,R
-0.963420785,R
-0.954954411,R
-0.943644852,R
-0.954069864,R
-0.953943501,R
-0.953880319,R
-0.954701683,R
-0.951479407,R
-0.952363953,R
-0.657620418,R
0.145421453,R
0.139229627,R
0.152371461,R
-0.893162519,R
-1.464705931,R
-1.462178655,R
-1.459840925,R
-1.462052291,R
-1.446509545,R
-1.462305019,R
-1.457755922,R
-1.448720911,R
-1.456302739,R
-1.457250467,R
-1.448468184,R
-1.458450923,R
-1.458071832,R
-1.456934558,R
-1.458893196,R
-1.468307299,R
-1.459651379,R
-1.458450923,R
-1.454470464,R
-1.459398652,R
-1.454596828,R
-1.420162695,R
-1.435148292,R
0.066128176,R
0.070108635,R
0.081860468,R
0.109028682,R
0.088810476,R
0.094117755,R
0.082808196,R
0.081039103,R
0.079712283,R
0.075858188,R
0.0782591,R
0.068655452,R
0.093485936,R
0.093738664,R
0.092348662,R
0.096076394,R
0.084135016,R
0.086788655,R
0.089126385,R
0.070298181,R
0.064611811,R
0.068781816,R
0.086915019,R
0.085588199,R
0.08527229,R
0.07693228,R
0.077753645,R
0.078890919,R
0.080217738,R
0.050711794,R
0.085967291,R
0.081481376,R
0.08059683,R
0.08426138,R
0.090516387,R
0.084893199,R
0.102710493,R
0.116736873,R
0.104226858,R
0.105490496,R
0.104605949,R
0.103405493,R
0.1016364,R
0.100499126,R
0.086978201,R
0.098224578,R
0.401750396,R
1.499283075,R
1.476221684,R
1.473699239,R
-0.641698581,R
-0.643025401,R
-0.662927697,R
-0.676069531,R
-0.683524995,R
-0.675943167,R
-0.599240348,R
-0.495937952,R
-0.501624322,R
-0.495116587,R
-0.506868419,R
-0.508637512,R
-0.515461157,R
-0.505162508,R
-0.511796607,R
-0.504720235,R
-0.513439336,R
-0.515840248,R
-0.512933881,R
-0.518304342,R
-0.501687504,R
-0.506931601,R
-0.508511149,R
-0.503267052,R
-0.508763876,R
-0.515018884,R
-0.515587521,R
-0.516535249,R
-0.511480698,R
-0.508827058,R
-0.517988433,R
-0.519504798,R
-0.517293432,R
-0.515524339,R
-0.528855719,R
-0.536184818,R
-0.526328443,R
-0.523485258,R
0.930014211,R
1.257991422,R
1.250283231,R
1.249019593,R
1.253063234,R
1.24522868,R
1.244975952,R
1.246681863,R
1.238278671,R
1.228801387,R
1.230949572,R
1.206452629,R
0.619159293,R
-0.201004871,R
-0.20795488,R
-0.21029261,R
-0.212061703,R
-0.201826236,R
-0.218253528,R
-0.224445354,R
-0.213893978,R
-0.215915798,R
-0.217558527,R
-0.217368982,R
-0.22697263,R
-0.219138075,R
-0.21932762,R
-0.221475805,R
-0.25300357,R
-0.237903097,R
-0.241125374,R
-0.242831285,R
-0.243020831,R
-0.241062192,R
-0.241630829,R
-0.252371751,R
-0.244221287,R
-0.242957649,R
-0.243715831,R
-0.243210376,R
-0.240177645,R
-0.246622199,R
-0.23967219,R
-0.250855385,R
-0.243147194,R
-0.234807184,R
-0.25066584,R
-0.256920847,R
-0.225203537,R
-0.241504465,R
-0.23866128,R
-0.236197186,R
-0.262544036,R
-0.340573675,R
-0.372733259,R
-0.374565534,R
-0.370332347,R
-0.381325996,R
-0.377219173,R
-0.377914174,R
-0.42281146,R
1.249777776,R
1.262161427,R
1.252557779,R
1.251799597,R
1.263740975,R
1.267405524,R
1.261719154,R
1.261213699,R
1.25691733,R
1.254390054,R
1.266520978,R
1.250788686,R
1.239036854,R
1.246871409,R
1.249272321,R
1.235498668,R
1.247060955,R
1.249525048,R
1.245860499,R
1.243396405,R
1.243649132,R
1.233476847,R
1.24156413,R
1.235182758,R
1.235814577,R
1.233413665,R
1.233729575,R
1.232023664,R
1.226274111,R
1.236699124,R
1.239415945,R
1.239605491,R
1.238847308,R
1.240995493,R
1.241311402,R
1.239921401,R
1.240426856,R
1.24358595,R
1.233097756,R
1.247376864,R
1.252873689,R
1.241690494,R
1.239921401,R
1.226590021,R
1.239605491,R
1.237646852,R
1.240805947,R
1.24948672,R
-0.006151911,R
3.99151E-05,R
-0.007731458,R
-0.000970995,R
0.001745826,R
0.001619462,R
-0.001350087,R
-0.003435089,R
-0.012280554,R
0.00686356,R
0.017920391,R
0.017162208,R
0.025123127,R
0.007116287,R
-0.017208742,R
-0.017966925,R
-0.005014636,R
-0.012027827,R
-0.012280554,R
-0.011080098,R
-0.015313285,R
-0.019356926,R
-0.015439649,R
-0.010385097,R
-0.009437369,R
0.001114007,R
-0.001097359,R
-0.001602814,R
-0.014176011,R
-0.020873292,R
-0.017524651,R
-0.025864661,R
-0.028518301,R
-0.029845121,R
-0.043429228,R
-0.01847238,R
-0.018598744,R
-0.030224212,R
-0.047093778,R
-0.030856031,R
-0.028518301,R
-0.029718757,R
-0.030729667,R
-0.025864661,R
-0.031803759,R
-0.046967414,R
-0.033130579,R
-0.032119669,R
0.207781982,R
0.63508113,R
1.417943185,R
0.41956769,R
0.718291685,R
0.695040748,R
0.691565744,R
0.633122492,R
0.629900215,R
0.654351608,R
0.719681686,R
0.741289894,R
0.747228992,R
0.742616714,R
0.748934903,R
0.755063547,R
0.753989455,R
0.719428959,R
0.728211242,R
0.73048579,R
0.727579423,R
0.726315785,R
0.751778088,R
0.736298524,R
0.740973985,R
0.740721257,R
0.742679896,R
0.757780368,R
0.778693575,R
0.758791279,R
0.776166299,R
0.794931322,R
0.806367245,R
0.795120868,R
0.826206359,R
0.830755456,R
0.832461367,R
0.833345913,R
0.844971382,R
0.833156368,R
0.819951352,R
0.814770437,R
0.805672244,R
0.809715885,R
0.806809518,R
0.804977243,R
0.795310413,R
0.794362685,R
0.796826779,R
0.797584961,R
0.805166789,R
1.024913416,R
0.825764086,R
-0.073416934,R
-0.290533615,R
-0.299568626,R
-0.309740911,R
-0.309298637,R
-0.304180904,R
-0.305254996,R
-0.305634087,R
-0.308287727,R
-0.308287727,R
-0.308540455,R
-0.311636367,R
-0.306644998,R
-0.305697269,R
-0.322250926,R
-0.330211844,R
-0.327305477,R
-0.331854573,R
-0.334508213,R
-0.333623666,R
-0.344680498,R
-0.335266396,R
-0.335392759,R
-0.338109581,R
-0.331349118,R
-0.333370939,R
-0.336530034,R
-0.337920035,R
-0.335455941,R
-0.336972307,R
-0.336845943,R
-0.336656397,R
-0.335203214,R
-0.334129122,R
-0.336466852,R
-0.335771851,R
-0.335013668,R
-0.257363121,R
-0.207007151,R
-0.20631215,R
-0.20795488,R
-0.209344881,R
-0.210482155,R
-0.211556247,R
-0.208586698,R
-0.20896579,R
-0.210861247,R
-0.216358071,R
-0.214202867,R
-1.802602699,R
-1.787818136,R
-1.794578599,R
-1.900218725,R
-2.104801697,R
-2.101768967,R
-2.102527149,R
-2.103032604,R
-2.103285332,R
-2.107708065,R
-2.105749426,R
-2.104106697,R
-2.106633972,R
-2.106254881,R
-2.114026254,R
-2.107518519,R
-2.109034884,R
-2.10954034,R
-2.095513959,R
-2.109350794,R
-2.105812608,R
-2.110172158,R
-2.112067615,R
-2.110045795,R
-2.107265791,R
-2.114278982,R
-2.091343954,R
-2.114026254,R
-2.10555988,R
-2.116679894,R
-2.117501258,R
-2.115353074,R
-2.119017624,R
-2.028288424,R
-0.928349005,R
0.238046109,R
-1.367974451,R
-1.125229615,R
-1.24849749,R
-1.248623854,R
-1.255257952,R
-1.256268863,R
-1.253425677,R
-1.394763574,R
-1.44499318,R
-1.443919088,R
-1.348640792,R
-1.417509056,R
-1.381242649,R
-1.406325861,R
-1.418962239,R
-1.408916318,R
-1.433051802,R
-1.421805425,R
-1.35192625,R
-1.422437244,R
-1.424016791,R
-1.422563607,R
-1.418330421,R
-1.409674501,R
-1.439369991,R
-1.542166933,R
-1.573252424,R
-1.338531689,R
0.432519979,R
0.319613934,R
0.316960295,R
0.31847666,R
0.319234843,R
0.319012732,R
0.171262848,R
0.716712137,R
0.744385807,R
0.746533991,R
0.753736727,R
0.744259443,R
0.727263514,R
0.716333046,R
0.725241693,R
0.727326695,R
0.709951675,R
0.734529431,R
0.716269864,R
0.746407627,R
0.800554511,R
0.790824499,R
0.773259932,R
0.773765387,R
0.770985384,R
0.771111748,R
0.779767667,R
0.780399486,R
0.783621763,R
0.779767667,R
0.777682665,R
0.770416747,R
0.770669475,R
0.770416747,R
0.769153109,R
0.76251901,R
0.768458108,R
0.76247388,R
-0.517609341,R
-0.517735705,R
-0.504404326,R
-0.497959772,R
-0.502445687,R
-0.502572051,R
-0.500929321,R
-0.998739463,R
-1.394005391,R
-1.418709512,R
-1.398428124,R
-1.374987641,R
-1.377451735,R
-1.383201288,R
-1.386739474,R
-1.375682642,R
-1.385412654,R
-1.37460855,R
-1.275223431,R
-1.052317709,R
-1.048147704,R
-1.048905887,R
-1.050611798,R
-1.032857686,R
-1.049095433,R
-0.678723171,R
-0.002866452,R
-0.007289185,R
-0.008742368,R
-0.043997865,R
-0.067627893,R
-0.074738286,R
1.209215,R
1.215343644,R
1.215912281,R
1.214269552,R
1.215849099,R
1.202959993,R
1.149760838,R
1.267152797,R
1.315802855,R
1.301144656,R
1.308600119,R
1.3079683,R
1.308789665,R
1.30664148,R
1.309231938,R
1.310874667,R
1.309421484,R
1.309674211,R
1.300828746,R
1.310495576,R
1.310179666,R
1.310053303,R
1.313212397,R
1.313401943,R
1.31264376,R
1.31194876,R
1.312454215,R
1.312264669,R
1.31264376,R
1.313275579,R
1.31194876,R
1.311443304,R
1.302155566,R
1.311540535,R
1.361167455,R
2.035318263,R
1.850511223,R
2.053451466,R
2.291394478,R
2.29145766,R
2.2941113,R
2.291836752,R
2.29745994,R
2.295627665,R
2.295185392,R
2.28109583,R
2.300303125,R
2.289246294,R
2.302261764,R
2.306558133,R
2.305926314,R
2.307758589,R
2.30346222,R
2.305989496,R
2.315277234,R
2.309338136,R
2.310159501,R
2.301882673,R
2.299671306,R
2.309085409,R
2.29878676,R
2.293037208,R
2.308074498,R
2.310033137,R
2.309085409,R
2.302577674,R
2.307632225,R
2.305989496,R
2.303272674,R
1.935628316,R
-2.057541641,R
-2.078960303,R
-2.092418046,R
-2.077001664,R
-2.082182579,R
-2.083825309,R
-0.542818917,R
0.787223131,R
0.773133569,R
0.773386296,R
0.773449478,R
0.910427824,R
0.983592457,R
0.809905431,R
0.921926929,R
0.916114194,R
0.904741454,R
0.904551908,R
0.875109145,R
0.855080485,R
0.859187308,R
0.854701394,R
0.87725733,R
0.66976799,R
0.790571771,R
0.725936694,R
0.129562798,R
0.111429594,R
0.071245909,R
-0.067754257,R
-0.065732436,R
0.019942212,R
0.410078466,R
-0.234744003,R
-0.18362985,R
-0.183187577,R
-1.162001477,R
-1.439496355,R
-1.445119544,R
-1.445309089,R
-1.422689971,R
-1.440633629,R
-1.429892707,R
-1.549685578,R
-1.586204713,R
-1.58645744,R
-1.580644706,R
-1.566365598,R
-1.577801521,R
-1.579381068,R
-1.574958335,R
-1.577675157,R
-1.577548793,R
-1.579381068,R
-1.576285155,R
-1.595681997,R
-1.602000186,R
-1.596819271,R
-1.59580836,R
-1.58778426,R
-1.598335636,R
-1.879431882,R
-1.881390521,R
-1.84967321,R
-1.309657563,R
-1.359384722,R
-1.693171659,R
-1.644963874,R
-1.631063857,R
-1.626388397,R
-1.634349316,R
-1.630432038,R
-1.629610674,R
-1.630747948,R
-1.634222952,R
-1.631569312,R
-1.624177031,R
-1.634033406,R
-1.627525671,R
-1.621776119,R
-1.62013339,R
-1.620638845,R
-1.621333846,R
-1.621397027,R
-1.617542932,R
-1.610024287,R
-1.620765208,R
-1.614889292,R
-1.62013339,R
-1.612993836,R
-1.612362017,R
-1.61248838,R
-1.611161561,R
-1.610403378,R
-1.586267894,R
-1.611919743,R
-1.525613276,R
-1.223730187,R
-1.093424821,R
0.171262848,R
0.716712137,R
0.744385807,R
0.746533991,R
0.753736727,R
0.744259443,R
0.727263514,R
0.716333046,R
0.725241693,R
0.727326695,R
0.709951675,R
0.734529431,R
0.716269864,R
0.746407627,R
0.800554511,R
0.790824499,R
0.773259932,R
0.773765387,R
0.770985384,R
0.771111748,R
0.779767667,R
0.780399486,R
0.783621763,R
0.779767667,R
0.777682665,R
0.770416747,R
0.770669475,R
0.770416747,R
0.769153109,R
0.76251901,R
0.768458108,R
0.76247388,R
0.717659866,R
-0.687442272,R
-1.227331555,R
-1.024580858,R
-0.824926073,R
-0.82915926,R
-0.486144758,R
0.589906076,R
0.597235176,R
0.586999709,R
0.525081453,R
0.533737373,R
0.539486925,R
0.54030829,R
0.542014201,R
0.542140565,R
0.536770104,R
0.539107834,R
0.538539197,R
0.535759193,R
0.535759193,R
0.540940109,R
0.536075103,R
0.527040092,R
0.556861946,R
0.571141054,R
0.562232407,R
0.580744702,R
0.572404692,R
0.5720256,R
0.570572417,R
0.570572417,R
0.567034231,R
0.566149684,R
0.564018929,R
0.693840292,R
0.675454361,R
-0.343227314,R
-0.574346682,R
-0.591974431,R
-0.583508057,R
-0.59595489,R
-0.598166256,R
-0.597092164,R
-0.599872167,R
-0.605684901,R
-0.609033542,R
-0.603663081,R
-0.596144436,R
-0.605874447,R
-0.598671711,R
-0.250792204,R
-0.212124885,R
-0.213072613,R
-0.208018061,R
-0.213009431,R
-0.21465216,R
-0.216610799,R
-0.213072613,R
-0.220022621,R
-0.207828516,R
-0.213578068,R
-0.206059423,R
-0.221096713,R
-0.208713062,R
-0.213957159,R
-0.111728855,R
-0.090216794,R
-1.964474711,R
-2.001752029,R
-2.165140406,R
-2.295674199,R
-2.344134711,R
-2.368333377,R
-2.37111338,R
-2.372756109,R
-2.37376702,R
-2.372313836,R
-2.36308928,R
-2.36776474,R
-2.336363339,R
-2.375852022,R
-2.375472931,R
-2.377810661,R
-2.371808381,R
-2.379263844,R
-2.377873843,R
-2.374082929,R
-2.373703838,R
-2.379895663,R
-2.382928394,R
-2.347546534,R
-2.384507942,R
-2.38210703,R
-2.384002486,R
-2.375852022,R
-2.379200663,R
-2.385076579,R
-2.385266124,R
-2.387098399,R
-2.305609865,R
-1.466727751,R
-1.51872645,R
-1.510891895,R
-1.508111892,R
-1.506153253,R
-1.526181913,R
-1.529277826,R
-1.524981457,R
-1.525676458,R
-1.523528274,R
-1.526813732,R
-1.528140552,R
-1.530604646,R
-1.529846463,R
-1.531615556,R
-1.382000832,R
-1.278445707,R
-1.26283978,R
-1.273327974,R
-1.281288893,R
-1.274022975,R
-1.273833429,R
-1.251972494,R
-1.27585525,R
-1.272885701,R
-1.269473879,R
-1.262207961,R
-1.276739796,R
-1.272948883,R
-1.274275702,R
-1.272064336,R
-1.257342955,R
-1.259291236,R
0.599951997,R
0.606143823,R
0.603742911,R
0.589211075,R
0.591296078,R
0.599951997,R
0.598182904,R
0.59104335,R
0.591422442,R
0.590537895,R
0.581376521,R
0.591675169,R
0.591422442,R
0.589906076,R
0.589842894,R
0.590285168,R
0.585546526,R
0.592749262,R
0.592938807,R
0.586873345,R
0.592306988,R
0.591991079,R
0.589274257,R
0.583777433,R
0.59104335,R
0.594518355,R
0.589463803,R
0.592243806,R
0.593823354,R
0.589842894,R
0.591738351,R
0.59237017,R
0.56514362,R
-0.025232842,R
0.042434966,R
0.036369504,R
0.029672223,R
-0.296409531,R
-0.843375186,R
-0.847355646,R
-0.843943823,R
-0.84084791,R
-1.209577443,R
-1.375556278,R
-1.365004902,R
-1.365194448,R
-1.36494172,R
-1.362477626,R
-1.352052614,R
-1.364120356,R
-1.361403534,R
-1.361908989,R
-1.361087625,R
-1.353442615,R
-1.367026723,R
-1.361845807,R
-1.361340352,R
-1.361150807,R
-1.347124426,R
-1.345481697,R
-1.346176698,R
-1.347187608,R
-1.34491306,R
-1.345481697,R
-1.477974128,R
-1.614889292,R
-1.614189431,R
1.569225431,R
1.535107209,R
1.566003155,R
1.565687245,R
1.566698156,R
1.565624063,R
1.564549971,R
1.569541341,R
1.569730887,R
1.562022695,R
1.560316784,R
1.570615433,R
1.570299524,R
1.566066337,R
1.568909522,R
1.569099068,R
1.567329975,R
1.569099068,R
1.567014065,R
1.563412697,R
1.564929063,R
1.563475879,R
1.558989965,R
1.571752707,R
1.563223151,R
1.556904962,R
1.548880862,R
1.55583087,R
1.438249365,R
1.497956255,R
1.488668517,R
1.484245784,R
1.485951695,R
1.212811508,R
1.330334691,R
1.313844216,R
1.292109645,R
1.371592467,R
1.381132933,R
1.375572927,R
1.370581557,R
1.37734202,R
1.380880206,R
1.377847475,R
1.38801976,R
1.38201748,R
1.149192201,R
-0.56992395,R
-0.55760348,R
-0.571377133,R
-0.525822988,R
-0.568470766,R
-0.540481187,R
-0.545662102,R
-0.52923481,R
-0.539533459,R
-0.866310214,R
-1.009543567,R
-1.010744023,R
-1.019084033,R
-0.576431685,R
-0.463146549,R
-0.464157459,R
-0.464536551,R
-0.481785208,R
-0.470728376,R
-0.1185525,R
0.703902113,R
-1.027297679,R
-0.734386419,R
-0.590710793,R
-0.591595339,R
-0.591089884,R
-0.663180425,R
-0.066048346,R
0.064801356,R
0.046541789,R
0.045657242,R
0.043888149,R
0.044835878,R
0.047173608,R
0.035105866,R
0.023985853,R
0.028282222,R
0.030051315,R
0.019247211,R
0.018868119,R
0.019310393,R
0.019120847,R
0.020447667,R
0.022595851,R
0.021016304,R
0.014571751,R
0.02120585,R
0.015835389,R
0.000924462,R
0.027208129,R
0.003325374,R
-0.002297815,R
0.009264472,R
0.023306262,R
1.253442326,R
1.272207348,R
1.27359735,R
1.273534168,R
1.266394614,R
1.274229169,R
1.275366443,R
1.27460826,R
1.269995982,R
1.274165987,R
1.282695543,R
1.272965531,R
1.272965531,R
1.274355533,R
1.273028713,R
1.275176897,R
1.27492417,R
1.273407804,R
1.275366443,R
1.27593508,R
1.276377353,R
1.275555989,R
1.277135536,R
1.274229169,R
1.27460826,R
1.273344622,R
1.276377353,R
1.257233239,R
1.273534168,R
1.265004612,R
1.272207348,R
1.272339456,R
1.70462423,R
1.752579287,R
1.727496076,R
1.737099723,R
1.72263107,R
1.735772904,R
1.736215177,R
1.735204267,R
1.738047452,R
1.738363361,R
1.738047452,R
1.739942909,R
1.743165185,R
1.753842925,R
1.74600837,R
1.753716562,R
1.741585638,R
1.751505195,R
1.76066657,R
1.754158835,R
1.737415633,R
1.7476511,R
1.755232927,R
1.754474744,R
1.7556752,R
1.752579287,R
1.752137014,R
1.753716562,R
1.75365338,R
1.756307019,R
1.752263378,R
1.754601108,R
1.754537926,R
1.759318689,R
0.516994171,R
0.627183394,R
0.63305931,R
0.626804302,R
0.636913405,R
0.642473412,R
0.637608406,R
0.645758871,R
0.657384339,R
0.666229804,R
0.622697479,R
0.614799743,R
0.61637929,R
0.613220195,R
0.613472923,R
0.623139752,R
0.63305931,R
0.624466572,R
0.622507934,R
0.633501583,R
0.622444752,R
0.626930666,R
0.629900215,R
0.632932946,R
0.644179323,R
0.641904775,R
0.642662958,R
0.636281586,R
0.644179323,R
0.643294777,R
0.650560694,R
0.641020228,R
0.669748601,R
-0.511038424,R
-0.536248,R
-0.54793665,R
-0.546104376,R
-0.54256619,R
-0.543956191,R
-0.543513918,R
-0.546799376,R
-0.53391027,R
-0.542503008,R
-0.541618461,R
-0.546167557,R
-0.547052104,R
-0.541365734,R
-0.546293921,R
-0.546420285,R
-0.545662102,R
-0.537701184,R
-0.542818917,R
-0.543956191,R
-0.546673013,R
-0.545409375,R
-0.545219829,R
-0.545535739,R
-0.538964822,R
-0.543956191,R
-0.54458801,R
-0.545788466,R
-0.552612111,R
-0.545093465,R
-0.544651192,R
-0.546799376,R
-0.554823477,R
-0.552465027,R